{"IcoMoonType":"selection","icons":[{"icon":{"paths":["M854 342v-86l-342 214-342-214v86l342 212zM854 170q34 0 59 26t25 60v512q0 34-25 60t-59 26h-684q-34 0-59-26t-25-60v-512q0-34 25-60t59-26h684z"],"attrs":[{}],"isMulticolor":false,"isMulticolor2":false,"tags":["email","mail","markunread","local_post_office"],"grid":24},"attrs":[{}],"properties":{"order":1,"id":3,"name":"email, mail, markunread, local_post_office","prevSize":24,"code":59648},"setIdx":2,"setId":6,"iconIdx":0},{"icon":{"paths":["M704 640c-64 64-64 128-128 128s-128-64-192-128-128-128-128-192 64-64 128-128-128-256-192-256-192 192-192 192c0 128 131.5 387.5 256 512s384 256 512 256c0 0 192-128 192-192s-192-256-256-192z"],"tags":["phone","telephone","contact","support","call"],"defaultCode":59714,"grid":16,"attrs":[]},"attrs":[],"properties":{"ligatures":"phone, telephone","name":"phone","order":6,"id":67,"prevSize":32,"code":59714},"setIdx":7,"setId":1,"iconIdx":66},{"icon":{"paths":["M512 0c-176.732 0-320 143.268-320 320 0 320 320 704 320 704s320-384 320-704c0-176.732-143.27-320-320-320zM512 512c-106.040 0-192-85.96-192-192s85.96-192 192-192 192 85.96 192 192-85.96 192-192 192z"],"tags":["location","map-marker","pin"],"defaultCode":59719,"grid":16,"attrs":[]},"attrs":[],"properties":{"ligatures":"location, map-marker","name":"location","order":3,"id":72,"prevSize":32,"code":59719},"setIdx":7,"setId":1,"iconIdx":71}],"height":1024,"metadata":{"name":"icomoon"},"preferences":{"showGlyphs":true,"showQuickUse":true,"showQuickUse2":true,"showSVGs":true,"fontPref":{"prefix":"icon-","metadata":{"fontFamily":"icomoon","majorVersion":1,"minorVersion":0},"metrics":{"emSize":1024,"baseline":6.25,"whitespace":50},"embed":false},"imagePref":{"prefix":"icon-","png":false,"useClassSelector":true,"color":0,"bgColor":16777215,"classSelector":".icon","name":"icomoon","height":15,"columns":16,"margin":16,"overrideSize":true,"numPrefix":false,"minifyJs":false,"addBgColor":false,"csh":false},"historySize":50,"showCodes":true,"gridSize":16,"showGrid":false}}